order_id,customer_id,order_date,status
1,1,2026-10-01,COMPLETED
2,2,2026-10-01,COMPLETED
3,3,2026-10-01,COMPLETED
4,4,2026-10-02,COMPLETED
5,5,2026-10-02,COMPLETED
6,1,2026-10-02,COMPLETED
7,2,2026-10-03,COMPLETED
8,3,2026-10-03,CANCELLED
9,4,2026-10-03,COMPLETED
10,5,2026-10-04,COMPLETED
11,1,2026-10-04,COMPLETED
12,2,2026-10-04,COMPLETED
13,3,2026-10-05,COMPLETED
14,4,2026-10-05,COMPLETED
15,5,2026-10-05,COMPLETED
16,1,2026-10-06,COMPLETED
17,2,2026-10-06,COMPLETED
18,3,2026-10-06,COMPLETED
19,4,2026-10-06,COMPLETED
20,5,2026-10-06,COMPLETED
21,1,2026-10-07,COMPLETED
22,2,2026-10-07,COMPLETED
23,3,2026-10-07,COMPLETED
24,4,2026-10-08,COMPLETED
25,5,2026-10-08,COMPLETED
26,1,2026-10-08,COMPLETED
27,2,2026-10-09,COMPLETED
28,3,2026-10-09,COMPLETED
29,4,2026-10-09,COMPLETED
30,5,2026-10-10,COMPLETED
31,1,2026-10-10,COMPLETED
32,2,2026-10-10,COMPLETED