customer_id,customer_name,email
1,Juan Dela Cruz,juan.delacruz@example.com
2,Maria Clara,maria.clara@example.com
3,Jose Rizal,jose.rizal@example.com
4,Andres Bonifacio,andres.bonifacio@example.com
5,Apolinario Mabini,apolinario.mabini@example.com
6,Emilio Aguinaldo,emilio.aguinaldo@example.com
7,Gabriela Silang,gabriela.silang@example.com
8,Melchora Aquino,melchora.aquino@example.com
9,Antonio Luna,antonio.luna@example.com
10,Marcelo H. Del Pilar,marcelo.delpilar@example.com
11,Gregorio Del Pilar,gregorio.delpilar@example.com
12,Juan Luna,juan.luna@example.com
13,Emilio Jacinto,emilio.jacinto@example.com
14,Graciano Lopez Jaena,graciano.jaena@example.com
15,Mariano Gomez,mariano.gomez@example.com
16,Jose Burgos,jose.burgos@example.com
17,Jacinto Zamora,jacinto.zamora@example.com
18,Teresa Magbanua,teresa.magbanua@example.com
19,Trinidad Tecson,trinidad.tecson@example.com
20,Agueda Esteban,agueda.esteban@example.com
21,Marina Dizon,marina.dizon@example.com
22,Vicente Lim,vicente.lim@example.com
23,Jose Abad Santos,jose.abadsantos@example.com
24,Vicente Sotto,vicente.sotto@example.com
25,Claro M. Recto,claro.recto@example.com
26,Lorenzo Tañada,lorenzo.tanada@example.com
27,Carlos P. Romulo,carlos.romulo@example.com
28,Manuel L. Quezon,manuel.quezon@example.com
29,Sergio Osmeña,sergio.osmena@example.com
30,Ramon Magsaysay,ramon.magsaysay@example.com